Database,Ancestry,MAF,SNP,,,
1000Genomes,African,0.8843,chr1:65640280:G:A ,,,
1000Genomes,Europe,0.9493,chr1:65640280:G:A ,,,
1000Genomes,American,0.710,chr1:65640280:G:A ,,,
gnomAD - Genomes,European,0.99999,chr2:75064362:T:C,,,
gnomAD - Genomes,African,1.00000,chr2:75064362:T:C,,,
gnomAD - Genomes,American,0.99985,chr2:75064362:T:C,,,
1000Genomes,African,0.3691,chr5:180226673:A:C,,,
1000Genomes,Europe,0.8867,chr5:180226673:A:C,,,
1000Genomes,American,0.777,chr5:180226673:A:C,,,
1000Genomes,African,0.8525,chr11:74726828:C:T ,,,
1000Genomes,Europe,0.5298,chr11:74726828:C:T ,,,
1000Genomes,American,0.732,chr11:74726828:C:T ,,,
1000Genomes,African,0.8880,chr18:44291905:C:T ,,,
1000Genomes,Europe,0.6650,chr18:44291905:C:T ,,,
1000Genomes,American,0.790,chr18:44291905:C:T ,,,
1000Genomes,African,0.7436,chr16:31104509:C:G,,,
1000Genomes,Europe,0.6004,chr16:31104509:C:G,,,
1000Genomes,American,0.558,chr16:31104509:C:G,,,
